roll,pitch,yaw,joint_angles,total_torque
30.0,30.0,30.0,"[0.8402052813466778, 26.339239862099003, -30.072098218626763, 17.675529794582435, -47.9885615119454, 13.628572932124815]",38.94880860618151
31.0,30.0,30.0,"[0.8994465814573656, 26.312568581747936, -30.083690577628758, 19.043940604653816, -47.74343133016089, 12.65818177212789]",38.952446149690836
29.0,30.0,30.0,"[0.7790184463301519, 26.362963688545282, -30.059490634527968, 16.29309023733589, -48.21047041404729, 14.609743528194617]",38.94424517783466
30.0,31.0,30.0,"[0.815549921391183, 26.241018472663143, -29.987075620275803, 17.385568694109676, -47.126467560211545, 13.339773553841816]",38.937826850090794
30.0,31.0,30.0,"[0.815549921391183, 26.241018472663143, -29.987075620275803, 17.385568694109676, -47.126467560211545, 13.339773553841816]",38.937826850090794
31.0,31.0,30.0,"[0.8750755744396048, 26.215331228078345, -29.999538482435895, 18.775625969259963, -46.886363627552036, 12.340049548517545]",38.94154723043298
29.0,31.0,30.0,"[0.7541384233587416, 26.26421520259888, -29.974137977431536, 15.981894937628395, -47.346602473176944, 14.35015325725957]",38.93321874370638
30.0,32.0,30.0,"[0.791114201239939, 26.144127245559552, -29.905374798464972, 17.097679519952532, -46.261626862377994, 13.052058930116358]",38.92694626439167
30.0,32.0,30.0,"[0.791114201239939, 26.144127245559552, -29.905374798464972, 17.097679519952532, -46.261626862377994, 13.052058930116358]",38.92694626439167
31.0,32.0,30.0,"[0.8509216486219493, 26.119411258248196, -29.918673775015584, 18.51031776834185, -46.026566020581534, 12.022064886078752]",38.9307473253878
29.0,32.0,30.0,"[0.7294826406016734, 26.166790826967194, -29.89210818070829, 15.67188339067322, -46.47993503721571, 14.092517999026393]",38.92229342467265
30.0,33.0,30.0,"[0.7669067250442039, 26.04859306352119, -29.827012483153908, 16.81184157034521, -45.39406824453177, 12.765381721751977]",38.91616987977064
30.0,33.0,30.0,"[0.7669067250442039, 26.04859306352119, -29.827012483153908, 16.81184157034521, -45.39406824453177, 12.765381721751977]",38.91616987977064
31.0,33.0,30.0,"[0.8269933156153294, 26.024835315203806, -29.841113110937957, 18.248053177551938, -45.16406841861762, 11.70412265494426]",38.92004935220877
29.0,33.0,30.0,"[0.7050598132100481, 26.070717031035684, -29.813418187016495, 15.362984271315067, -45.610489764799276, 13.836841835141268]",38.91147223037536
30.0,34.0,30.0,"[0.7429360585075416, 25.954442668166973, -29.75200473750537, 16.52803559580841, -44.523820798807066, 12.479693687081385]",38.90550068755907
30.0,34.0,30.0,"[0.7429360585075416, 25.954442668166973, -29.75200473750537, 16.52803559580841, -44.523820798807066, 12.479693687081385]",38.90550068755907
31.0,34.0,30.0,"[0.8032990544181372, 25.931629898992263, -29.76687248455723, 17.988875716760322, -44.29890105595715, 11.386111914646612]",38.909456182462705
29.0,34.0,30.0,"[0.6808785998466211, 25.97602018377643, -29.73808437097247, 15.055123073100894, -44.73828828075125, 13.58313255679977]",38.900758135393914
30.0,35.0,30.0,"[0.7192107249791744, 25.861702650652752, -29.68036695485424, 16.246243919023883, -43.65091389056621, 12.19494554044879]",38.89494163884425
30.0,35.0,30.0,"[0.7192107249791744, 25.861702650652752, -29.68036695485424, 16.246243919023883, -43.65091389056621, 12.19494554044879]",38.89494163884425
31.0,35.0,30.0,"[0.7798473080602191, 25.839821357588423, -29.695967226142002, 17.7328358960385, -43.43109450647875, 11.067915247121626]",38.89897063986419
29.0,35.0,30.0,"[0.6569475975270581, 25.88272656372683, -29.6661225536778, 14.748221672410285, -43.86335230680106, 13.331402087759317]",38.890154080371985
30.0,36.0,30.0,"[0.6957392014183794, 25.770399442128337, -29.612113855589136, 15.96645056929763, -42.775377165484315, 11.911086796459157]",38.884495643573416
30.0,36.0,30.0,"[0.6957392014183794, 25.770399442128337, -29.612113855589136, 15.96645056929763, -42.775377165484315, 11.911086796459157]",38.884495643573416
31.0,36.0,30.0,"[0.7566464800813565, 25.749435877529088, -29.628411998875464, 17.479991943157703, -42.560679699153276, 10.749408008525995]",38.88859549836271
29.0,36.0,30.0,"[0.6332753363980355, 25.790862368907405, -29.597548014916466, 14.442197832041376, -42.98570380934473, 13.08166696746606]",38.879662973166084
30.0,37.0,30.0,"[0.6725299142174562, 25.680559303988154, -29.547259483934234, 15.688641433624163, -41.89724055639737, 11.628065597970389]",38.87416556964402
30.0,37.0,30.0,"[0.6725299142174562, 25.680559303988154, -29.547259483934234, 15.688641433624163, -41.89724055639737, 11.628065597970389]",38.87416556964402
31.0,37.0,30.0,"[0.7337049308162173, 25.660499474343364, -29.56422079570993, 17.230410624622678, -41.687687934403954, 10.430457487839028]",38.87833348005185
29.0,37.0,30.0,"[0.6098702744221876, 25.700453726117644, -29.532375502316683, 14.136964635533488, -42.10536516241931, 12.833948902881398]",38.86928768994995
30.0,38.0,30.0,"[0.6495912348722563, 25.592208317905495, -29.485817204628013, 15.41280442677936, -41.016534289741706, 11.345828525388102]",38.863954241973914
30.0,38.0,30.0,"[0.6495912348722563, 25.592208317905495, -29.485817204628013, 15.41280442677936, -41.016534289741706, 11.345828525388102]",38.863954241973914
31.0,38.0,30.0,"[0.7110309734586076, 25.573037982765424, -29.503406936063303, 16.98416817448141, -40.8121509013003, 10.110921957998617]",38.868187252865155
29.0,38.0,30.0,"[0.5867407919289886, 25.6115266989849, -29.470619236791624, 13.83242984202366, -41.22235932317991, 12.588275399075895]",38.85903107620045
30.0,39.0,30.0,"[0.6269314754915555, 25.50537237563937, -29.4277996994989, 15.138929683385602, -40.13328889139018, 11.064320384307305]",38.85386444154477
30.0,39.0,30.0,"[0.6269314754915555, 25.50537237563937, -29.4277996994989, 15.138929683385602, -40.13328889139018, 11.064320384307305]",38.85386444154477
31.0,39.0,30.0,"[0.6886328698799599, 25.48707704671772, -29.445983062352255, 16.741351347857815, -39.934100695573626, 9.790649602614879]",38.85815942801713
29.0,39.0,30.0,"[0.5638951859793624, 25.52410729409493, -29.41229291362869, 13.528495149614647, -40.33671001624573, 12.344680480482978]",38.84889594748595
30.0,40.0,30.0,"[0.604558884139559, 25.420077168606785, -29.373218963947213, 14.867009775529663, -39.24753519167353, 10.783483967907694]",38.84389890441188
30.0,40.0,30.0,"[0.604558884139559, 25.420077168606785, -29.373218963947213, 14.867009775529663, -39.24753519167353, 10.783483967907694]",38.84389890441188
31.0,40.0,30.0,"[0.6665188261804394, 25.402642109055495, -29.39196113636806, 16.502058619464, -39.0535698384578, 9.469477297995153]",38.84825255714214
29.0,40.0,30.0,"[0.5413416644801518, 25.438221464512857, -29.357409698697023, 13.22505535297807, -39.44844192235739, 12.103205516972622]",38.838885089974035
30.0,41.0,30.0,"[0.5824816400095051, 25.336348177216646, -29.32208630335117, 14.597039960298995, -38.359304329370644, 10.503259789724588]",38.83406032067352
30.0,41.0,30.0,"[0.5824816400095051, 25.336348177216646, -29.32208630335117, 14.597039960298995, -38.359304329370644, 10.503259789724588]",38.83406032067352
31.0,41.0,30.0,"[0.6446969879558544, 25.319758401066636, -29.341352435509176, 16.266401551401604, -38.17059129639631, 9.147229226160803]",38.83846912907464
29.0,41.0,30.0,"[0.5190883399731936, 25.35389511001258, -29.305982219383598, 12.921997378110195, -38.557580865922986, 11.863900171733142]",38.829001260578046
30.0,42.0,30.0,"[0.5607078484305197, 25.254210659966628, -29.27441232942328, 14.329018462564905, -37.46862775446136, 10.223585781454377]",38.82435133339347
30.0,42.0,30.0,"[0.5607078484305197, 25.254210659966628, -29.27441232942328, 14.329018462564905, -37.46862775446136, 10.223585781454377]",38.82435133339347
31.0,42.0,30.0,"[0.6231754352693998, 25.238450931726142, -29.29416754889646, 16.034506359535808, -37.28519850171774, 8.823715289562166]",38.828811566205026
29.0,42.0,30.0,"[0.4971421006917893, 25.271151302534943, -29.25802043440112, 12.619179179789434, -37.664127053459445, 11.626842370170017]",38.81924677652996
30.0,43.0,30.0,"[0.5392392870288321, 25.17368867208952, -29.230203888099187, 14.06278487674163, -36.57552746443621, 9.944559420276498]",38.81477383672808
30.0,43.0,30.0,"[0.5392392870288321, 25.17368867208952, -29.230203888099187, 14.06278487674163, -36.57552746443621, 9.944559420276498]",38.81477383672808
31.0,43.0,30.0,"[0.6019510306288688, 25.1587430174571, -29.25041023649901, 15.80622222143436, -36.3974111807856, 8.499023952709521]",38.819281109428154
29.0,43.0,30.0,"[0.4754932562227483, 25.189974878761006, -29.21350604385316, 12.31614215681953, -36.76769832409798, 11.392411917096016]",38.809618160349174
30.0,44.0,30.0,"[0.5180896173496495, 25.09480817216544, -29.18947328852667, 13.798484472890559, -35.68004716860143, 9.665971851788253]",38.805331049363666
30.0,44.0,30.0,"[0.5180896173496495, 25.09480817216544, -29.18947328852667, 13.798484472890559, -35.68004716860143, 9.665971851788253]",38.805331049363666
31.0,44.0,30.0,"[0.5810411833278801, 25.080660755819885, -29.210095294544015, 15.581945319053585, -35.50727863110414, 8.172694883745685]",38.80988103080949
29.0,44.0,30.0,"[0.45417121634443525, 25.110446108428015, -29.17249241311352, 12.013118784737438, -35.868848557577735, 11.160336143520867]",38.80012609891437
30.0,45.0,30.0,"[0.49726671856887045, 25.01759366300913, -29.15222903556122, 13.536125728615444, -34.78221912060044, 9.387751789133276]",38.796025468239996
30.0,45.0,30.0,"[0.49726671856887045, 25.01759366300913, -29.15222903556122, 13.536125728615444, -34.78221912060044, 9.387751789133276]",38.796025468239996
31.0,45.0,30.0,"[0.5604542196314274, 25.00422846906661, -29.173231488845026, 15.36186675300235, -34.61483630405232, 7.8444740553671775]",38.80061357828301
29.0,45.0,30.0,"[0.4331838582623635, 25.032589514001625, -29.134988295690015, 11.709960716082566, -34.967605499669325, 10.930700830954724]",38.790773135600624
30.0,46.0,30.0,"[0.47677834214396436, 24.942069373577, -29.118478911807156, 13.275720731099417, -33.88207580004517, 9.10982465014769]",38.786859534747094
30.0,46.0,30.0,"[0.47677834214396436, 24.942069373577, -29.118478911807156, 13.275720731099417, -33.88207580004517, 9.10982465014769]",38.786859534747094
31.0,46.0,30.0,"[0.5401978633355933, 24.929470136361726, -29.13982659162033, 15.146187671859227, -33.720119465278614, 7.514097747149435]",38.791480861229914
29.0,46.0,30.0,"[0.41253894214990394, 24.95642945797342, -29.101001840000762, 11.4065060240118, -34.063997882118954, 10.703605683091464]",38.78156177498231
30.0,47.0,30.0,"[0.4566321456275994, 24.868259254623634, -29.088229994711007, 13.017286761201717, -32.97964998082744, 8.832110951781631]",38.77783563787302
30.0,47.0,30.0,"[0.4566321456275994, 24.868259254623634, -29.088229994711007, 13.017286761201717, -32.97964998082744, 8.832110951781631]",38.77783563787302
31.0,47.0,30.0,"[0.5202797554918082, 24.856409459487317, -29.109887676334903, 14.93513606172783, -32.82316396885305, 7.181275684066621]",38.78248489689804
29.0,47.0,30.0,"[0.3922441037783566, 24.881990131007324, -29.07054057587188, 11.102577155657185, -33.15805550135462, 10.479166352575199]",38.77249448192203
30.0,48.0,30.0,"[0.43683568801935546, 24.796186967340443, -29.06148865396141, 12.760847012659784, -32.07497472981365, 8.554525572820816]",38.76895611283876
30.0,48.0,30.0,"[0.43683568801935546, 24.796186967340443, -29.06148865396141, 12.760847012659784, -32.07497472981365, 8.554525572820816]",38.76895611283876
31.0,48.0,30.0,"[0.5007074502902513, 24.785069851686135, -29.083421115042096, 14.728970625242972, -31.924006300130433, 6.845687139728146]",38.77362760220138
29.0,48.0,30.0,"[0.3723068466878551, 24.80929553794754, -29.043611399110095, 10.797978523410764, -32.249809288412585, 10.257516829753698]",38.76357368036331
30.0,49.0,30.0,"[0.41739642505873453, 24.725875871939213, -29.038260549033396, 12.50643144099125, -31.168083404921788, 8.276976887094364]",38.76022323960732
30.0,49.0,30.0,"[0.41739642505873453, 24.725875871939213, -29.038260549033396, 12.50643144099125, -31.168083404921788, 8.276976887094364]",38.76022323960732
31.0,49.0,30.0,"[0.4814884108721757, 24.715474426436202, -29.060432575844395, 14.527985357950246, -31.022683625728902, 6.506976342409934]",38.76491078399598
29.0,49.0,30.0,"[0.35273453385001263, 24.738369481709675, -29.020220554456255, 10.49249365711802, -31.339291368731946, 10.038812270460507]",38.7548017517991
30.0,50.0,30.0,"[0.39832170446683945, 24.657349016205714, -29.018550626904737, 12.254077770347825, -30.259009652676276, 7.999365738902253]",38.751639241239296
30.0,50.0,30.0,"[0.39832170446683945, 24.657349016205714, -29.018550626904737, 12.254077770347825, -30.259009652676276, 7.999365738902253]",38.751639241239296
31.0,50.0,30.0,"[0.4626300050832481, 24.647645986180525, -29.04092702050742, 14.332514973162853, -30.11923385237676, 6.164747032761998]",38.756336127468536
29.0,50.0,30.0,"[0.3335343787675972, 24.669235545136072, -29.000373617297125, 10.185881820757542, -30.426535110763513, 9.823232359279919]",38.746181033386215
30.0,51.0,30.0,"[0.3796187611453196, 24.590629124048714, -29.002363119968376, 12.003832693830255, -29.347787405376074, 7.7215842251380735]",38.743206282058686
30.0,51.0,30.0,"[0.3796187611453196, 24.590629124048714, -29.002363119968376, 12.003832693830255, -29.347787405376074, 7.7215842251380735]",38.743206282058686
31.0,51.0,30.0,"[0.4441395011839073, 24.58160701103725, -29.024908702262213, 14.142941365012797, -29.21369569685174, 5.818555983459667]",38.7479051821723
29.0,51.0,30.0,"[0.3147134359485734, 24.601917070960138, -28.98407547458044, 9.877873972106434, -29.51157516275924, 9.610985329835021]",38.73771381567075
30.0,52.0,30.0,"[0.36129471234232025, 24.52573858407219, -28.989701544167186, 11.755753312188945, -28.434450878054683, 7.443514239167272]",38.73492646558417
30.0,52.0,30.0,"[0.36129471234232025, 24.52573858407219, -28.989701544167186, 11.755753312188945, -28.434450878054683, 7.443514239167272]",38.73492646558417
31.0,52.0,30.0,"[0.42602406353686845, 24.517379647516467, -29.01238116383149, 13.959701349460136, -28.306108769838698, 5.467905241019148]",38.73961934510914
29.0,52.0,30.0,"[0.29627859068091417, 24.536437140090104, -28.971330305436016, 9.568167911246677, -28.594447477674503, 9.40231279629196]",38.729402339881304
30.0,53.0,30.0,"[0.3433565527959908, 24.462699438197774, -28.98056869737061, 11.509908868136867, -27.519034565462373, 7.165025719218975]",38.726801832166416
30.0,53.0,30.0,"[0.3433565527959908, 24.462699438197774, -28.98056869737061, 11.509908868136867, -27.519034565462373, 7.165025719218975]",38.726801832166416
31.0,53.0,30.0,"[0.408290748296268, 24.454985697271443, -29.003347235716678, 13.783295988386415, -27.396513677309855, 5.112232784634503]",38.73147984007574
29.0,53.0,30.0,"[0.27823654801923065, 24.472818548488267, -28.96214156205041, 9.256422420939733, -27.675189326846326, 9.197495593109293]",38.72124879473056
30.0,54.0,30.0,"[0.32581114986666065, 24.40153337036415, -28.9749666580117, 11.266382849718209, -26.60157323935251, 6.8859745278321505]",38.71883435625449
30.0,54.0,30.0,"[0.32581114986666065, 24.40153337036415, -28.9749666580117, 11.266382849718209, -26.60157323935251, 6.8859745278321505]",38.71883435625449
31.0,54.0,30.0,"[0.3909464991273199, 24.39444660591216, -28.997809034782836, 13.614301887956573, -26.484952144044343, 4.750901210834555]",38.72348769224862
29.0,54.0,30.0,"[0.26059382087299277, 24.411083782983702, -28.956511951371148, 8.94225014524562, -26.75383930403186, 8.996860876719689]",38.71325531264111
30.0,55.0,30.0,"[0.3086652386688548, 24.342261695329682, -28.972896783997715, 11.02527555773371, -25.682101946418246, 6.606199867339434]",38.71102594319005
30.0,55.0,30.0,"[0.3086652386688548, 24.342261695329682, -28.972896783997715, 11.02527555773371, -25.682101946418246, 6.606199867339434]",38.71102594319005
31.0,55.0,30.0,"[0.37399814298952233, 24.335783451907265, -28.995767963177165, 13.453384976716896, -25.571467165238786, 4.383183938474093]",38.71564369664871
29.0,55.0,30.0,"[0.2433567170568686, 24.35125499641343, -28.95444341822551, 8.625208877170982, -25.83043732253534, 8.800790818430414]",38.70542396526986
30.0,56.0,30.0,"[0.29192541721376414, 24.28490534760175, -28.974359711902792, 10.786707261156502, -24.760656007294997, 6.325521107438786]",38.70337842539486
30.0,56.0,30.0,"[0.29192541721376414, 24.28490534760175, -28.974359711902792, 10.786707261156502, -24.760656007294997, 6.325521107438786]",38.70337842539486
31.0,56.0,30.0,"[0.3574523860200031, 24.27901693560018, -28.997224707619313, 13.30131742206294, -24.656103193933692, 4.008248275406578]",38.707948378670565
29.0,56.0,30.0,"[0.22653132512377386, 24.29335398253002, -28.955937130419663, 8.304790824319634, -24.90502460955678, 8.609733319646176]",38.697756758143726
30.0,57.0,30.0,"[0.27559814157140694, 24.229484870514604, -28.97935535644599, 10.55082210369159, -23.837271017132124, 6.043733861683875]",38.69589355777115
30.0,57.0,30.0,"[0.27559814157140694, 24.229484870514604, -28.97935535644599, 10.55082210369159, -23.837271017132124, 6.043733861683875]",38.69589355777115
31.0,57.0,30.0,"[0.3413158095556067, 24.22416736836136, -29.00217923910119, 13.158998550992555, -23.738906374369964, 3.62513448090403]",38.70040194422412
29.0,57.0,30.0,"[0.210141765574438, 24.237396433799518, -28.96099804734222, 7.981128108790525, -23.977550248221277, 8.42349218042441]",38.69025696073265
30.0,58.0,30.0,"[0.25962152646403847, 24.176018991569023, -28.987861942807676, 10.315061012972789, -22.91196621954995, 5.763344198159546]",38.68856700072164
30.0,58.0,30.0,"[0.25962152646403847, 24.176018991569023, -28.987861942807676, 10.315061012972789, -22.91196621954995, 5.763344198159546]",38.68856700072164
31.0,58.0,30.0,"[0.3254865087237383, 24.171249890708886, -29.01058643674847, 13.023097497248157, -22.819858023156733, 3.2371248470160126]",38.69299700615459
29.0,58.0,30.0,"[0.19423445668436384, 24.183401674317068, -28.969635243090156, 7.6552307373681225, -23.04801536770477, 8.24099276059468]",38.68293065440681
30.0,59.0,30.0,"[0.24405409413942303, 24.124528625618478, -28.999895147886722, 10.081490164197893, -21.984789765798457, 5.482220425104343]",38.68140518666654
30.0,59.0,30.0,"[0.24405409413942303, 24.124528625618478, -28.999895147886722, 10.081490164197893, -21.984789765798457, 5.482220425104343]",38.68140518666654
31.0,59.0,30.0,"[0.30999929783192165, 24.120285237852748, -29.02245784384212, 12.895538584164399, -21.89901625587864, 2.8422317366125474]",38.685735804446445
29.0,59.0,30.0,"[0.17880284894547568, 24.131400912948255, -28.98184251325814, 7.3260469588632615, -22.116635281984085, 8.063233037519025]",38.67577955761905
30.0,60.0,30.0,"[0.22889915407820352, 24.07503302555312, -29.01545227325766, 9.85013190333851, -21.055776493064652, 5.200280502168083]",38.67440947791855
30.0,60.0,30.0,"[0.22889915407820352, 24.07503302555312, -29.01545227325766, 9.85013190333851, -21.055776493064652, 5.200280502168083]",38.67440947791855
31.0,60.0,30.0,"[0.2948918755349806, 24.07129381466104, -29.037804921338665, 12.778708035572974, -20.97644541379499, 2.4380053526576746]",38.678620009044344
29.0,60.0,30.0,"[0.1638630246883995, 24.081413495867082, -28.997618193473095, 6.993382276574277, -21.183447068829338, 7.890346639813464]",38.66880652778541
30.0,61.0,30.0,"[0.21415859153438666, 24.02755099125856, -29.03452962825831, 9.620962356169164, -20.124960933124658, 4.917488798007523]",38.66758106381201
30.0,61.0,30.0,"[0.21415859153438666, 24.02755099125856, -29.03452962825831, 9.620962356169164, -20.124960933124658, 4.917488798007523]",38.66758106381201
31.0,61.0,30.0,"[0.2801584252955954, 24.024293670141624, -29.05662066662297, 12.673443631031171, -20.05218455762752, 2.0235490969386225]",38.671647891934796
29.0,61.0,30.0,"[0.14943283618937755, 24.03345829938536, -29.016959895998106, 6.657093334694635, -20.248487662471312, 7.722415891614945]",38.66201457142412
30.0,62.0,30.0,"[0.19983319975324665, 23.98210086977781, -29.05712267886754, 9.393916758125595, -19.19237731560998, 4.633850710200186]",38.660920997381375
30.0,62.0,30.0,"[0.19983319975324665, 23.98210086977781, -29.05712267886754, 9.393916758125595, -19.19237731560998, 4.633850710200186]",38.660920997381375
31.0,62.0,30.0,"[0.26578979396774266, 23.979302259999915, -29.078896356939648, 12.580609138551273, -19.12627053865332, 1.5979407695291181]",38.66481709332964
29.0,62.0,30.0,"[0.13553219533626415, 23.98755371523357, -29.039864487962266, 6.317113455368493, -19.31179368500031, 7.559446221419649]",38.65540687755827
30.0,63.0,30.0,"[0.18592245752657388, 23.938700545033203, -29.08322603666016, 9.168868498705068, -18.258059419163786, 4.349433629228593]",38.654430186956326
30.0,62.0,31.0,"[0.139457042306623, 23.97496792218719, -29.04834283085606, 6.588392580610933, -19.046549478027003, 7.709698191223383]",38.654419683237535
30.0,62.0,31.0,"[0.139457042306623, 23.97496792218719, -29.04834283085606, 6.588392580610933, -19.046549478027003, 7.709698191223383]",38.654419683237535
31.0,62.0,31.0,"[0.2036983083886207, 23.969473879824978, -29.066303928447617, 9.709047956935427, -18.92449937956879, 4.737968516782084]",38.659661029989245
29.0,62.0,31.0,"[0.0718827923504919, 23.983311952356054, -29.03393306343566, 3.359901772161947, -19.22594702749511, 10.789435907760605]",38.64701850779477
30.0,62.0,32.0,"[0.07587139975565164, 23.9705533489083, -29.04221150294409, 3.595245518096148, -18.955955313866028, 10.973419622939623]",38.64621073811854
30.0,62.0,32.0,"[0.07587139975565164, 23.9705533489083, -29.04221150294409, 3.595245518096148, -18.955955313866028, 10.973419622939623]",38.64621073811854
31.0,62.0,32.0,"[0.14312627442179998, 23.962183837820046, -29.057329251559633, 6.857852423263488, -18.77336172018436, 7.8572505885794754]",38.653347393298276
29.0,62.0,32.0,"[0.009970943422438058, 23.981591355978775, -29.03160119973079, 0.46537880677468596, -19.191020493655394, 13.956459409008128]",38.63740855758183
30.0,62.0,33.0,"[0.013902509597425044, 23.96866532226225, -29.039662851018726, 0.6583329393155255, -18.917084819956912, 14.180637164115842]",38.636717242357605
30.0,62.0,33.0,"[0.013902509597425044, 23.96866532226225, -29.039662851018726, 0.6583329393155255, -18.917084819956912, 14.180637164115842]",38.636717242357605
31.0,62.0,33.0,"[0.07961716447674819, 23.957606731309905, -29.051017117376603, 3.8271552618133935, -18.678058408040588, 11.156256233742274]",38.6453244698177
29.0,62.0,33.0,"[-0.05195819778057106, 23.98245915527637, -29.032539560964604, -2.433228895255812, -19.208803877017885, 17.127555754827775]",38.64410591884056
30.0,63.0,33.0,"[-0.0004832047868885161, 23.927032125495643, -29.06812614962703, -0.02606064832464287, -18.007022760092788, 14.333714314298648]",38.630108533016234
30.0,63.0,33.0,"[-0.0004832047868885161, 23.927032125495643, -29.06812614962703, -0.02606064832464287, -18.007022760092788, 14.333714314298648]",38.630108533016234
31.0,63.0,33.0,"[0.06514209556133155, 23.91643067163111, -29.079283806467114, 3.2854826574648546, -17.76675887112065, 11.159088262156239]",38.63888773169828
30.0,64.0,33.0,"[-0.01800249036451025, 23.887616502402032, -29.100231689371263, -0.9419637040113531, -17.10118928142911, 14.719865707601954]",38.62873802658062
30.0,64.0,33.0,"[-0.01800249036451025, 23.887616502402032, -29.100231689371263, -0.9419637040113531, -17.10118928142911, 14.719865707601954]",38.62873802658062
31.0,64.0,33.0,"[0.05127344790197406, 23.877237955022206, -29.110940716625965, 2.720788339868749, -16.854156770722675, 11.186107147894244]",38.63261512564846
30.0,65.0,33.0,"[-0.03196638867123713, 23.850056283354274, -29.135615674887745, -1.7640433811425846, -16.19151206074105, 15.012998319121088]",38.62673864676868
30.0,65.0,33.0,"[-0.03196638867123713, 23.850056283354274, -29.135615674887745, -1.7640433811425846, -16.19151206074105, 15.012998319121088]",38.62673864676868
31.0,65.0,33.0,"[0.03805275921870962, 23.8400431110726, -29.14597776808995, 2.130841560639844, -15.940314013698243, 11.239478887189033]",38.62650729256918
30.0,66.0,33.0,"[-0.045383166400603706, 23.81453525269126, -29.17440805088846, -2.65018889659652, -15.281931257312255, 15.371255362198806]",38.62458716334519
30.0,66.0,33.0,"[-0.045383166400603706, 23.81453525269126, -29.17440805088846, -2.65018889659652, -15.281931257312255, 15.371255362198806]",38.62458716334519
31.0,66.0,33.0,"[0.021936138851945255, 23.804990718548098, -29.184301827861216, 1.3015105674025074, -15.028772911639406, 11.533646557867526]",38.62002136959539
31.0,66.0,33.0,"[0.021936138851945255, 23.804990718548098, -29.184301827861216, 1.3015105674025074, -15.028772911639406, 11.533646557867526]",38.62002136959539
32.0,66.0,33.0,"[0.09002260821787574, 23.798267034281558, -29.198670727026236, 5.41349579419665, -14.845262455881247, 7.535498801657426]",38.628042042234874
31.0,67.0,33.0,"[0.009178565834299475, 23.771875236179987, -29.22610113282666, 0.5789395931840388, -14.114036861863793, 11.72175098695761]",38.61406097870951
31.0,67.0,33.0,"[0.009178565834299475, 23.771875236179987, -29.22610113282666, 0.5789395931840388, -14.114036861863793, 11.72175098695761]",38.61406097870951
32.0,67.0,33.0,"[0.07764151699347675, 23.765509765505907, -29.240081255831342, 4.96798711683028, -13.929462492682232, 7.438948158660476]",38.62249353074669
30.0,67.0,33.0,"[-0.05822776696137999, 23.781067697440545, -29.21659437458249, -3.611575576042996, -14.372782742183729, 15.805749050994953]",38.62223890581252
31.0,68.0,33.0,"[-0.003007504512817579, 23.740808362838933, -29.271259797439676, -0.2029041863654085, -13.198773187625935, 11.970055563894475]",38.60922769196718
31.0,68.0,33.0,"[-0.003007504512817579, 23.740808362838933, -29.271259797439676, -0.2029041863654085, -13.198773187625935, 11.970055563894475]",38.60922769196718
32.0,68.0,33.0,"[0.06588890349117624, 23.734779713663062, -29.284829894260483, 4.506333838871303, -13.012270869686459, 7.3594549585721065]",38.61713444795127
31.0,69.0,33.0,"[-0.014584872464386887, 23.7118030356392, -29.319762361752023, -1.0552511957964499, -12.28320351721329, 12.289725908936367]",38.60739231529721
31.0,69.0,33.0,"[-0.014584872464386887, 23.7118030356392, -29.319762361752023, -1.0552511957964499, -12.28320351721329, 12.289725908936367]",38.60739231529721
32.0,69.0,33.0,"[0.054812840209991616, 23.706090277466917, -29.332908235029446, 4.027754663668211, -12.093730465553676, 7.297734375305486]",38.61196939171867
31.0,70.0,33.0,"[-0.02549799865649729, 23.68487071077348, -29.371587753106592, -1.9915303791381445, -11.367577254753362, 12.69412391193077]",38.605377834369904
31.0,70.0,33.0,"[-0.02549799865649729, 23.68487071077348, -29.371587753106592, -1.9915303791381445, -11.367577254753362, 12.69412391193077]",38.605377834369904
32.0,70.0,33.0,"[0.04447510627539982, 23.6794541176187, -29.384306908040756, 3.532301291226396, -11.173877673896323, 7.253666827444766]",38.60700422975506
31.0,71.0,33.0,"[-0.0356618095433465, 23.660020707737036, -29.426705785622254, -3.0274099275762305, -10.452160698065148, 13.198847149761988]",38.60311592574523
31.0,71.0,33.0,"[-0.0356618095433465, 23.660020707737036, -29.426705785622254, -3.0274099275762305, -10.452160698065148, 13.198847149761988]",38.60311592574523
32.0,71.0,33.0,"[0.03124783545421741, 23.654931774274882, -29.438677145476483, 2.701198710440248, -10.254753870858686, 7.546357036491057]",38.601804565128816
31.0,72.0,33.0,"[-0.04494359942313538, 23.637259186005394, -29.4850715500459, -4.180248978903172, -9.537205363385016, 13.821178473994214]",38.600511808140745
31.0,72.0,33.0,"[-0.04494359942313538, 23.637259186005394, -29.4850715500459, -4.180248978903172, -9.537205363385016, 13.821178473994214]",38.600511808140745
32.0,72.0,33.0,"[0.021457258531021418, 23.632455475967298, -29.496619166296473, 2.035563618463699, -9.333327015451054, 7.673947054081506]",38.597092444986636
32.0,72.0,33.0,"[0.021457258531021418, 23.632455475967298, -29.496619166296473, 2.035563618463699, -9.333327015451054, 7.673947054081506]",38.597092444986636
33.0,72.0,33.0,"[0.08758120510431722, 23.630454366221475, -29.51171563725516, 8.418472423372656, -9.243453414243227, 1.3595209215715025]",38.60135749566006
32.0,73.0,33.0,"[0.01241712014412698, 23.612070161611108, -29.55783629872936, 1.3054075555426103, -8.411029273464566, 7.8666514980733435]",38.59254674642129
32.0,73.0,33.0,"[0.01241712014412698, 23.612070161611108, -29.55783629872936, 1.3054075555426103, -8.411029273464566, 7.8666514980733435]",38.59254674642129
33.0,73.0,33.0,"[0.07754380834789815, 23.610305433766854, -29.572153624841913, 8.269782874106037, -8.323353005279325, 0.963275836131651]",38.596678742165125
32.0,74.0,33.0,"[0.004272121702962202, 23.593784686800475, -29.622308836063038, 0.5029628730863773, -7.48792819802987, 8.132159853412894]",38.58816561696321
32.0,74.0,33.0,"[0.004272121702962202, 23.593784686800475, -29.622308836063038, 0.5029628730863773, -7.48792819802987, 8.132159853412894]",38.58816561696321
33.0,74.0,33.0,"[0.06779230873047615, 23.59223683126415, -29.63578168449578, 8.122945626630404, -7.401873200205758, 0.5657535182377563]",38.59215125544481
32.0,75.0,33.0,"[-0.00633495004571707, 23.577662051624372, -29.68997255046283, -0.8524909783971479, -6.567382474251218, 8.951501600806916]",38.58544773840731
32.0,75.0,33.0,"[-0.00633495004571707, 23.577662051624372, -29.68997255046283, -0.8524909783971479, -6.567382474251218, 8.951501600806916]",38.58544773840731
33.0,75.0,33.0,"[0.05822982755627585, 23.576258934729346, -29.702577601110253, 7.964955190674041, -6.478974261992649, 0.17990874872213217]",38.58777929580633
32.0,76.0,33.0,"[-0.013838385174155771, 23.563629461743638, -29.760899578869086, -2.1657259946767833, -5.6454693356886025, 9.728772644402452]",38.58342391547723
32.0,76.0,33.0,"[-0.013838385174155771, 23.563629461743638, -29.760899578869086, -2.1657259946767833, -5.6454693356886025, 9.728772644402452]",38.58342391547723
33.0,76.0,33.0,"[0.053140095409762694, 23.562436621823675, -29.77334729470941, 8.471832185161938, -5.5580187284125175, -0.8708212881266777]",38.58320603138475
31.0,76.0,33.0,"[-0.08133885078301131, 23.567686958512454, -29.751843647654248, -12.228552652935612, -5.922375484820399, 19.753597132589636]",38.581486474074296
32.0,77.0,33.0,"[-0.02017562249398928, 23.551722675492698, -29.834967704727394, -3.774730834045397, -4.724342658157079, 10.802110557653283]",38.580772049784905
32.0,76.0,34.0,"[-0.08022316588131516, 23.565604026933624, -29.76280202586232, -12.360928704904993, -5.779765875109871, 20.09140916787439]",38.580542992368116
32.0,76.0,34.0,"[-0.08022316588131516, 23.565604026933624, -29.76280202586232, -12.360928704904993, -5.779765875109871, 20.09140916787439]",38.580542992368116
33.0,76.0,34.0,"[-0.012905671354402445, 23.56158964491573, -29.772375888258875, -2.073665954779382, -5.4986604138282065, 9.840960209089348]",38.5828513345932
31.0,76.0,34.0,"[-0.15118707284936309, 23.57271063045494, -29.75893141136521, -21.924233568348473, -6.241708461612505, 29.618254536349298]",38.56196062335303
32.0,76.0,35.0,"[-0.15027372023197508, 23.57060071566215, -29.769869727230695, -22.297284115644505, -6.104812790035759, 30.19568450484223]",38.55979692186537
32.0,76.0,35.0,"[-0.15027372023197508, 23.57060071566215, -29.769869727230695, -22.297284115644505, -6.104812790035759, 30.19568450484223]",38.55979692186537
33.0,76.0,35.0,"[-0.07913623068756252, 23.56351906428609, -29.774137962423044, -12.513453141390876, -5.633410031405859, 20.44705463458386]",38.579544101582925
31.0,76.0,35.0,"[-0.21836714369642168, 23.580488638893705, -29.76854091918133, -30.1317993152186, -6.7070584989546305, 37.99460350219718]",38.533780665522
32.0,76.0,36.0,"[-0.21737604576360303, 23.578339691885187, -29.77929474758568, -30.629877839715633, -6.577589277028041, 38.695970664144085]",38.530362016902124
32.0,76.0,36.0,"[-0.21737604576360303, 23.578339691885187, -29.77929474758568, -30.629877839715633, -6.577589277028041, 38.695970664144085]",38.530362016902124
33.0,76.0,36.0,"[-0.14940736382108766, 23.56849258918501, -29.78118668937478, -22.708193032218666, -5.964893541596209, 30.808630368636766]",38.557445205145015
31.0,76.0,36.0,"[-0.28542339013615625, 23.591091761549222, -29.781514054735233, -37.12289757730695, -7.293963885854025, 45.15463053094747]",38.502741713935514
32.0,77.0,36.0,"[-0.22433982578503853, 23.567393764314428, -29.853274595929214, -36.06869887623216, -5.870270240643935, 43.57816419056816]",38.49555190702981
32.0,77.0,36.0,"[-0.22433982578503853, 23.567393764314428, -29.853274595929214, -36.06869887623216, -5.870270240643935, 43.57816419056816]",38.49555190702981
33.0,77.0,36.0,"[-0.15617813350903376, 23.557679124172388, -29.85477226164557, -27.639381024340764, -5.185650346715934, 35.17577967992468]",38.532571204330495
31.0,77.0,36.0,"[-0.2949426270932127, 23.580155639608744, -29.859300412549302, -43.05391690220848, -6.661280100472112, 50.5367530561226]",38.45902269209122
32.0,78.0,36.0,"[-0.23395200366392913, 23.55866525960998, -29.934166650312527, -43.50020417042779, -5.235816738546079, 50.45375958812415]",38.44162253496743
32.0,78.0,36.0,"[-0.23395200366392913, 23.55866525960998, -29.934166650312527, -43.50020417042779, -5.235816738546079, 50.45375958812415]",38.44162253496743
33.0,78.0,36.0,"[-0.16502428925650314, 23.549010460576817, -29.933581217443805, -34.717154417082945, -4.462096185382798, 41.690137833077024]",38.49071846267723
31.0,78.0,36.0,"[-0.30259867884761327, 23.571245697284755, -29.938695591052138, -49.89125007653742, -6.097916935070069, 56.825349977433795]",38.4024938467579
32.0,79.0,36.0,"[-0.2409797997730099, 23.551939797160685, -30.015949853340864, -52.320520823465614, -4.689369023037422, 58.718171205822806]",38.36757129519395
32.0,79.0,36.0,"[-0.2409797997730099, 23.551939797160685, -30.015949853340864, -52.320520823465614, -4.689369023037422, 58.718171205822806]",38.36757129519395
33.0,79.0,36.0,"[-0.17202130670821872, 23.542361963873812, -30.014480607257823, -43.955212977546495, -3.815444550273642, 50.36487282494537]",38.42441215713522
31.0,79.0,36.0,"[-0.30957267800068977, 23.564438729029906, -30.020983413644085, -57.920193472236186, -5.629188572403727, 64.30580487326424]",38.32898303177469
32.0,80.0,36.0,"[-0.24694216327250235, 23.547269479148202, -30.099488282994646, -62.92410460525379, -4.26898582820975, 68.76596686732617]",38.26679401904489
32.0,80.0,36.0,"[-0.24694216327250235, 23.547269479148202, -30.099488282994646, -62.92410460525379, -4.26898582820975, 68.76596686732617]",38.26679401904489
33.0,80.0,36.0,"[-0.17836683134774084, 23.537780218736224, -30.09837618848154, -56.40166358563243, -3.296093064403592, 62.24816901289928]",38.317162970950406
31.0,80.0,36.0,"[-0.316105986341018, 23.559757482875156, -30.10669896284734, -67.20518556615183, -5.281783233779001, 73.04252553208387]",38.23606701886737
32.0,81.0,36.0,"[-0.25255760053548443, 23.544691821899583, -30.18554720364358, -75.22893370154391, -4.01708730594662, 80.51515819206446]",38.13797692011524
32.0,81.0,36.0,"[-0.25255760053548443, 23.544691821899583, -30.18554720364358, -75.22893370154391, -4.01708730594662, 80.51515819206446]",38.13797692011524
33.0,81.0,36.0,"[-0.18379589325943055, 23.535257793709206, -30.183911858166177, -72.11395871837703, -2.97101720197444, 77.39737829815712]",38.15922290560668
31.0,81.0,36.0,"[-0.3221133827640484, 23.557215176196266, -30.196048131415147, -77.5357644451053, -5.081607708374973, 82.82497857921824]",38.12537454253626
32.0,82.0,36.0,"[-0.2583609865490947, 23.544344609642156, -30.280425291541107, 90.76721038918635, 3.9777229838598265, -86.03643071211339]",37.98285597219109
32.0,82.0,36.0,"[-0.2583609865490947, 23.544344609642156, -30.280425291541107, 90.76721038918635, 3.9777229838598265, -86.03643071211339]",37.98285597219109
33.0,82.0,36.0,"[-0.18923915835496422, 23.534853651792044, -30.275918378185068, 89.34561264361906, 2.9123419417897596, -84.62514643663552]",37.97735641675954
32.0,82.0,35.0,"[-0.18949843414842207, 23.534886006078487, -30.267951582170575, 90.95475054441403, 2.9165819400004667, -86.34992123569458]",37.97340377472442
32.0,82.0,35.0,"[-0.18949843414842207, 23.534886006078487, -30.267951582170575, 90.95475054441403, 2.9165819400004667, -86.34992123569458]",37.97340377472442
33.0,82.0,35.0,"[-0.12028847539978092, 23.52831475711132, -30.267324184288658, 88.86936438477328, 1.8506709233598373, -84.27410532014636]",37.96867313880785
32.0,82.0,34.0,"[-0.12038753275799888, 23.52830123342073, -30.262625827465655, 90.44632561964343, 1.8465514921708048, -85.96733511502457]",37.95640740043653
32.0,82.0,34.0,"[-0.12038753275799888, 23.52830123342073, -30.262625827465655, 90.44632561964343, 1.8465514921708048, -85.96733511502457]",37.95640740043653
33.0,82.0,34.0,"[-0.05112202643223793, 23.524686025349364, -30.26403384623608, 86.20512970536362, 0.7853657072868379, -81.73501901803158]",37.98439336416333
